{
  "Transparency": 0,
  "Tags": [],
  "Ansi 12 Color": {
    "Green Component": 0.5764705882352941,
    "Blue Component": 0.9764705882352941,
    "Red Component": 0.7411764705882353
  },
  "Ansi 1 Color": {
    "Green Component": 0.3333333432674408,
    "Blue Component": 0.3333333432674408,
    "Red Component": 1
  },
  "Ansi 2 Color": {
    "Green Component": 0.9803921568627451,
    "Blue Component": 0.4823529411764706,
    "Red Component": 0.3137254901960784
  },
  "Bold Color": {
    "Green Component": 0.9023706912994385,
    "Blue Component": 0.9023706912994385,
    "Red Component": 0.9023706912994385
  },
  "Normal Font": "Monaco 11",
  "Ansi 3 Color": {
    "Green Component": 0.9803921568627451,
    "Blue Component": 0.5490196078431373,
    "Red Component": 0.9450980392156862
  },
  "Custom Directory": "Advanced",
  "Rows": 25,
  "Default Bookmark": "No",
  "Right Option Key Sends": 0,
  "AWDS Tab Option": "No",
  "Cursor Guide Color": {
    "Red Component": 0.7021402716636658,
    "Color Space": "sRGB",
    "Blue Component": 1,
    "Alpha Component": 0.25,
    "Green Component": 0.9268137812614441
  },
  "Non-ASCII Anti Aliased": true,
  "Use Bright Bold": true,
  "Ansi 10 Color": {
    "Green Component": 0.9803921568627451,
    "Blue Component": 0.4823529411764706,
    "Red Component": 0.3137254901960784
  },
  "Icon": 0,
  "Ambiguous Double Width": false,
  "AWDS Pane Option": "Recycle",
  "Jobs to Ignore": [
    "rlogin",
    "ssh",
    "slogin",
    "telnet"
  ],
  "Ansi 15 Color": {
    "Green Component": 1,
    "Blue Component": 1,
    "Red Component": 1
  },
  "Foreground Color": {
    "Green Component": 0.9003232717514038,
    "Blue Component": 0.9003232717514038,
    "Red Component": 0.9003232717514038
  },
  "Working Directory": "",
  "Blinking Cursor": true,
  "AWDS Window Option": "No",
  "Sync Title": false,
  "Prompt Before Closing 2": false,
  "BM Growl": true,
  "Command": "",
  "Description": "Default",
  "AWDS Pane Directory": "",
  "Disable Window Resizing": true,
  "Screen": -1,
  "Selection Color": {
    "Green Component": 0.27843138575553894,
    "Blue Component": 0.3529411852359772,
    "Red Component": 0.2666666805744171
  },
  "Mouse Reporting": true,
  "AWDS Window Directory": "",
  "Columns": 80,
  "Idle Code": 0,
  "Ansi 13 Color": {
    "Green Component": 0.4745098039215686,
    "Blue Component": 0.7764705882352941,
    "Red Component": 1
  },
  "Custom Command": "No",
  "ASCII Anti Aliased": true,
  "Non Ascii Font": "Monaco 12",
  "Vertical Spacing": 1,
  "Use Bold Font": true,
  "Option Key Sends": 0,
  "Selected Text Color": {
    "Green Component": 1,
    "Blue Component": 1,
    "Red Component": 1
  },
  "Background Color": {
    "Green Component": 0.12215272337198257,
    "Blue Component": 0.15977837145328522,
    "Red Component": 0.1176581159234047
  },
  "Character Encoding": 4,
  "Ansi 11 Color": {
    "Green Component": 0.9803921568627451,
    "Blue Component": 0.5490196078431373,
    "Red Component": 0.9450980392156862
  },
  "Use Italic Font": true,
  "Unlimited Scrollback": false,
  "Keyboard Map": {
    "0xf728-0x80000": {
      "Action": 10,
      "Text": "d"
    },
    "0xf702-0x280000": {
      "Action": 10,
      "Text": "b"
    },
    "0xf70d-0x20000": {
      "Action": 10,
      "Text": "[21;2~"
    },
    "0x7f-0x80000": {
      "Action": 11,
      "Text": "0x1b 0x7f"
    },
    "0xf708-0x20000": {
      "Action": 10,
      "Text": "[15;2~"
    },
    "0x33-0x40000": {
      "Action": 11,
      "Text": "0x1b"
    },
    "0xf703-0x260000": {
      "Action": 10,
      "Text": "[1;6C"
    },
    "0xf729-0x20000": {
      "Action": 10,
      "Text": "[1;2H"
    },
    "0xf702-0x260000": {
      "Action": 10,
      "Text": "[1;6D"
    },
    "0x38-0x40000": {
      "Action": 11,
      "Text": "0x7f"
    },
    "0xf72b-0x40000": {
      "Action": 10,
      "Text": "[1;5F"
    },
    "0xf70c-0x20000": {
      "Action": 10,
      "Text": "[20;2~"
    },
    "0xf701-0x260000": {
      "Action": 10,
      "Text": "[1;6B"
    },
    "0x32-0x40000": {
      "Action": 11,
      "Text": "0x00"
    },
    "0xf707-0x20000": {
      "Action": 10,
      "Text": "[1;2S"
    },
    "0xf703-0x240000": {
      "Action": 10,
      "Text": "[1;5C"
    },
    "0xf700-0x260000": {
      "Action": 10,
      "Text": "[1;6A"
    },
    "0xf702-0x240000": {
      "Action": 10,
      "Text": "[1;5D"
    },
    "0xf703-0x300000": {
      "Action": 11,
      "Text": "0x5"
    },
    "0x37-0x40000": {
      "Action": 11,
      "Text": "0x1f"
    },
    "0x3-0x200000": {
      "Action": 11,
      "Text": "0xd"
    },
    "0xf701-0x240000": {
      "Action": 10,
      "Text": "[1;5B"
    },
    "0xf702-0x300000": {
      "Action": 11,
      "Text": "0x1"
    },
    "0xf703-0x220000": {
      "Action": 10,
      "Text": "[1;2C"
    },
    "0xf739-0x0": {
      "Action": 13,
      "Text": ""
    },
    "0xf70b-0x20000": {
      "Action": 10,
      "Text": "[19;2~"
    },
    "0xf728-0x0": {
      "Action": 11,
      "Text": "0x4"
    },
    "0xf706-0x20000": {
      "Action": 10,
      "Text": "[1;2R"
    },
    "0xf700-0x240000": {
      "Action": 10,
      "Text": "[1;5A"
    },
    "0xf702-0x220000": {
      "Action": 10,
      "Text": "[1;2D"
    },
    "0x36-0x40000": {
      "Action": 11,
      "Text": "0x1e"
    },
    "0xf70f-0x20000": {
      "Action": 10,
      "Text": "[24;2~"
    },
    "0xf701-0x220000": {
      "Action": 10,
      "Text": "[1;2B"
    },
    "0xf70a-0x20000": {
      "Action": 10,
      "Text": "[18;2~"
    },
    "0xf729-0x40000": {
      "Action": 10,
      "Text": "[1;5H"
    },
    "0xf72b-0x20000": {
      "Action": 10,
      "Text": "[1;2F"
    },
    "0xf700-0x220000": {
      "Action": 10,
      "Text": "[1;2A"
    },
    "0x30-0x200000": {
      "Action": 12,
      "Text": "0"
    },
    "0xf705-0x20000": {
      "Action": 10,
      "Text": "[1;2Q"
    },
    "0x31-0x200000": {
      "Action": 12,
      "Text": "1"
    },
    "0x33-0x200000": {
      "Action": 12,
      "Text": "3"
    },
    "0x35-0x40000": {
      "Action": 11,
      "Text": "0x1d"
    },
    "0x34-0x200000": {
      "Action": 12,
      "Text": "4"
    },
    "0x32-0x200000": {
      "Action": 12,
      "Text": "2"
    },
    "0x35-0x200000": {
      "Action": 12,
      "Text": "5"
    },
    "0x36-0x200000": {
      "Action": 12,
      "Text": "6"
    },
    "0x37-0x200000": {
      "Action": 12,
      "Text": "7"
    },
    "0x2d-0x40000": {
      "Action": 11,
      "Text": "0x1f"
    },
    "0x38-0x200000": {
      "Action": 12,
      "Text": "8"
    },
    "0x2a-0x200000": {
      "Action": 12,
      "Text": "*"
    },
    "0x39-0x200000": {
      "Action": 12,
      "Text": "9"
    },
    "0x2b-0x200000": {
      "Action": 12,
      "Text": "+"
    },
    "0xf70e-0x20000": {
      "Action": 10,
      "Text": "[23;2~"
    },
    "0x2e-0x200000": {
      "Action": 12,
      "Text": "."
    },
    "0x2d-0x200000": {
      "Action": 12,
      "Text": "-"
    },
    "0xf709-0x20000": {
      "Action": 10,
      "Text": "[17;2~"
    },
    "0x7f-0x100000": {
      "Action": 11,
      "Text": "0x15"
    },
    "0x2f-0x200000": {
      "Action": 12,
      "Text": "/"
    },
    "0xf704-0x20000": {
      "Action": 10,
      "Text": "[1;2P"
    },
    "0x34-0x40000": {
      "Action": 11,
      "Text": "0x1c"
    },
    "0xf703-0x280000": {
      "Action": 10,
      "Text": "f"
    }
  },
  "Window Type": 0,
  "Cursor Type": 1,
  "Background Image Location": "",
  "Blur": false,
  "Badge Color": {
    "Red Component": 1,
    "Color Space": "sRGB",
    "Blue Component": 0,
    "Alpha Component": 0.5,
    "Green Component": 0.14910027384757996
  },
  "Scrollback Lines": 10000,
  "Send Code When Idle": false,
  "Close Sessions On End": true,
  "Terminal Type": "xterm-256color",
  "Visual Bell": true,
  "Flashing Bell": false,
  "Silence Bell": false,
  "Ansi 14 Color": {
    "Green Component": 0.9137254901960784,